"uf","asma_medic","ci_l","ci_u","pct_medic_asma","li","ls","metodo_ic","estimativa_ic","ano"
"Acre",0.746558120551955,0.439260703022868,0.938317734500881,74.6558120551955,43.9260703022868,93.8317734500881,"beta","74,66% [43,93%; 93,83%]",2013
"Alagoas",0.859468353758958,0.588650406816316,0.980703010733773,85.9468353758958,58.8650406816316,98.0703010733773,"beta","85,95% [58,87%; 98,07%]",2013
"Amapá",0.827587954692472,0.561108431085591,0.966186514959736,82.7587954692472,56.1108431085591,96.6186514959736,"beta","82,76% [56,11%; 96,62%]",2013
"Amazonas",0.867227720941801,0.70341560127915,0.95976972378333,86.7227720941801,70.341560127915,95.976972378333,"beta","86,72% [70,34%; 95,98%]",2013
"Bahia",0.842208985629782,0.554548067968386,0.97705215505082,84.2208985629782,55.4548067968386,97.705215505082,"beta","84,22% [55,45%; 97,71%]",2013
"Ceará",0.788135524591881,0.587507516471774,0.921078940017397,78.8135524591881,58.7507516471774,92.1078940017397,"beta","78,81% [58,75%; 92,11%]",2013
"Distrito Federal",0.774477510061696,0.498361943856318,0.94193240252141,77.4477510061696,49.8361943856318,94.193240252141,"beta","77,45% [49,84%; 94,19%]",2013
"Espírito Santo",0.649042523678376,0.328752547602472,0.892699578397461,64.9042523678376,32.8752547602472,89.2699578397461,"beta","64,90% [32,88%; 89,27%]",2013
"Goiás",0.804113788924695,0.636131715358115,0.917986142773403,80.4113788924695,63.6131715358115,91.7986142773403,"beta","80,41% [63,61%; 91,80%]",2013
"Maranhão",0.532445030230163,0.229579660385997,0.818416750606821,53.2445030230163,22.9579660385997,81.8416750606821,"beta","53,24% [22,96%; 81,84%]",2013
"Mato Grosso",0.865887025200681,0.619874682086291,0.978899371633041,86.5887025200681,61.9874682086291,97.8899371633041,"beta","86,59% [61,99%; 97,89%]",2013
"Mato Grosso do Sul",0.805265842151896,0.610691675510055,0.930214665443584,80.5265842151896,61.0691675510055,93.0214665443584,"beta","80,53% [61,07%; 93,02%]",2013
"Minas Gerais",0.718244985366855,0.43992202347358,0.910665661161253,71.8244985366855,43.992202347358,91.0665661161253,"beta","71,82% [43,99%; 91,07%]",2013
"Paraná",0.853082651981982,0.705904521303186,0.944620906744403,85.3082651981982,70.5904521303186,94.4620906744403,"beta","85,31% [70,59%; 94,46%]",2013
"Paraíba",0.775011831130178,0.588444751871841,0.9053419971164,77.5011831130178,58.8444751871841,90.53419971164,"beta","77,50% [58,84%; 90,53%]",2013
"Pará",0.823005042874007,0.477099997432453,0.980497814552756,82.3005042874007,47.7099997432453,98.0497814552756,"beta","82,30% [47,71%; 98,05%]",2013
"Pernambuco",0.684593901693783,0.490766488136076,0.840570428406453,68.4593901693783,49.0766488136076,84.0570428406453,"beta","68,46% [49,08%; 84,06%]",2013
"Piauí",0.682465202548678,0.372596769949928,0.905279288001042,68.2465202548678,37.2596769949928,90.5279288001042,"beta","68,25% [37,26%; 90,53%]",2013
"Rio Grande do Norte",0.685262916546272,0.382126845929598,0.903474989825999,68.5262916546272,38.2126845929598,90.3474989825999,"beta","68,53% [38,21%; 90,35%]",2013
"Rio Grande do Sul",0.831853570710226,0.646527052376635,0.944336907359141,83.1853570710227,64.6527052376635,94.4336907359141,"beta","83,19% [64,65%; 94,43%]",2013
"Rio de Janeiro",0.919840238444763,0.82454489947502,0.972921614540348,91.9840238444763,82.454489947502,97.2921614540348,"beta","91,98% [82,45%; 97,29%]",2013
"Rondônia",0.799357834784863,0.586813901750042,0.933424058128385,79.9357834784863,58.6813901750042,93.3424058128385,"beta","79,94% [58,68%; 93,34%]",2013
"Roraima",0.816938773856002,0.566126106766281,0.956675861457472,81.6938773856002,56.6126106766281,95.6675861457472,"beta","81,69% [56,61%; 95,67%]",2013
"Santa Catarina",0.670058488732473,0.308617563542182,0.923868158578268,67.0058488732473,30.8617563542182,92.3868158578268,"beta","67,01% [30,86%; 92,39%]",2013
"Sergipe",0.875815903629373,0.599178036852597,0.987240551697274,87.5815903629373,59.9178036852597,98.7240551697274,"beta","87,58% [59,92%; 98,72%]",2013
"São Paulo",0.884553558899754,0.801194558149304,0.941707787056635,88.4553558899754,80.1194558149304,94.1707787056635,"beta","88,46% [80,12%; 94,17%]",2013
"Tocantins",0.669691827355977,0.366131522803679,0.894909034484591,66.9691827355977,36.6131522803679,89.4909034484591,"beta","66,97% [36,61%; 89,49%]",2013
"Brasil",0.815001008182327,0.770878292949064,0.853832993345377,81.5001008182328,77.0878292949064,85.3832993345377,"beta","81,50% [77,09%; 85,38%]",2013
"Acre",0.544707927086594,0.315810753861788,0.760520470947676,54.4707927086594,31.5810753861788,76.0520470947676,"beta","54,47% [31,58%; 76,05%]",2019
"Alagoas",0.620403343428925,0.431679627590342,0.785772369906242,62.0403343428925,43.1679627590342,78.5772369906242,"beta","62,04% [43,17%; 78,58%]",2019
"Amapá",0.673025469255646,0.319341527778347,0.921601888695982,67.3025469255646,31.9341527778347,92.1601888695982,"beta","67,30% [31,93%; 92,16%]",2019
"Amazonas",0.467007048614565,0.237446059244797,0.707333887160088,46.7007048614565,23.7446059244797,70.7333887160088,"beta","46,70% [23,74%; 70,73%]",2019
"Bahia",0.740377203691319,0.423688838932876,0.938636582579395,74.0377203691319,42.3688838932876,93.8636582579395,"beta","74,04% [42,37%; 93,86%]",2019
"Ceará",0.444901982641944,0.301884910551774,0.59492517982855,44.4901982641944,30.1884910551774,59.492517982855,"beta","44,49% [30,19%; 59,49%]",2019
"Distrito Federal",0.527936556148725,0.328365752345837,0.721174585388624,52.7936556148725,32.8365752345837,72.1174585388624,"beta","52,79% [32,84%; 72,12%]",2019
"Espírito Santo",0.764607897375218,0.634159826065844,0.86648785247369,76.4607897375218,63.4159826065844,86.648785247369,"beta","76,46% [63,42%; 86,65%]",2019
"Goiás",0.605929412050685,0.438059625344618,0.757306434941698,60.5929412050685,43.8059625344618,75.7306434941698,"beta","60,59% [43,81%; 75,73%]",2019
"Maranhão",0.612574744689217,0.424580476408115,0.778864902608544,61.2574744689217,42.4580476408115,77.8864902608544,"beta","61,26% [42,46%; 77,89%]",2019
"Mato Grosso",0.710120012674073,0.374806161320118,0.931008744197594,71.0120012674073,37.4806161320118,93.1008744197594,"beta","71,01% [37,48%; 93,10%]",2019
"Mato Grosso do Sul",0.693953704003344,0.51508339810552,0.838317511728391,69.3953704003344,51.508339810552,83.8317511728391,"beta","69,40% [51,51%; 83,83%]",2019
"Minas Gerais",0.640013870769576,0.500457894812565,0.764158225051283,64.0013870769576,50.0457894812565,76.4158225051283,"beta","64,00% [50,05%; 76,42%]",2019
"Paraná",0.747944900755138,0.602832230584483,0.861398963335627,74.7944900755138,60.2832230584483,86.1398963335627,"beta","74,79% [60,28%; 86,14%]",2019
"Paraíba",0.560312126303248,0.370701531325067,0.737858425231086,56.0312126303248,37.0701531325067,73.7858425231086,"beta","56,03% [37,07%; 73,79%]",2019
"Pará",0.637326464323638,0.417063563982761,0.822104171720626,63.7326464323638,41.7063563982761,82.2104171720626,"beta","63,73% [41,71%; 82,21%]",2019
"Pernambuco",0.609263964244205,0.443246588006981,0.758630658258794,60.9263964244205,44.3246588006981,75.8630658258794,"beta","60,93% [44,32%; 75,86%]",2019
"Piauí",0.530327526417989,0.310425115143689,0.741914385735391,53.0327526417989,31.0425115143689,74.1914385735391,"beta","53,03% [31,04%; 74,19%]",2019
"Rio Grande do Norte",0.616855421222262,0.412587132414831,0.794794029755411,61.6855421222262,41.2587132414831,79.4794029755411,"beta","61,69% [41,26%; 79,48%]",2019
"Rio Grande do Sul",0.613345192971769,0.45421918458184,0.756538302046822,61.3345192971769,45.421918458184,75.6538302046822,"beta","61,33% [45,42%; 75,65%]",2019
"Rio de Janeiro",0.542869396893711,0.358874115190798,0.718685804842019,54.2869396893711,35.8874115190798,71.8685804842019,"beta","54,29% [35,89%; 71,87%]",2019
"Rondônia",0.797628634760448,0.566883721416664,0.939161405978349,79.7628634760448,56.6883721416664,93.9161405978349,"beta","79,76% [56,69%; 93,92%]",2019
"Roraima",0.743560953034127,0.523838179106845,0.899072495330898,74.3560953034127,52.3838179106845,89.9072495330898,"beta","74,36% [52,38%; 89,91%]",2019
"Santa Catarina",0.656819083574383,0.458936886590454,0.821496584863145,65.6819083574383,45.8936886590454,82.1496584863145,"beta","65,68% [45,89%; 82,15%]",2019
"Sergipe",0.802302827678323,0.607630012675135,0.928247693948842,80.2302827678323,60.7630012675135,92.8247693948842,"beta","80,23% [60,76%; 92,82%]",2019
"São Paulo",0.693353256444116,0.563768885928592,0.803873415773225,69.3353256444116,56.3768885928592,80.3873415773225,"beta","69,34% [56,38%; 80,39%]",2019
"Tocantins",0.495168139954145,0.253867885332746,0.73813883452817,49.5168139954145,25.3867885332746,73.813883452817,"beta","49,52% [25,39%; 73,81%]",2019
"Brasil",0.643980947802639,0.595208597376399,0.690633075083493,64.3980947802639,59.5208597376399,69.0633075083493,"beta","64,40% [59,52%; 69,06%]",2019
